t,omega_obs,omega_fit,residual
0,1.75487,1.70465,0.0502227
0.0166667,1.73693,1.71607,0.0208592
0.0333333,1.71135,1.72722,-0.0158716
0.05,1.7412,1.73808,0.00311765
0.0666667,1.75687,1.74865,0.00822523
0.0833333,1.77781,1.75892,0.0188954
0.1,1.77497,1.76887,0.00609327
0.116667,1.78198,1.77851,0.00346972
0.133333,1.84088,1.78783,0.0530544
0.15,1.73205,1.79681,-0.064768
0.166667,1.7454,1.80546,-0.0600656
0.183333,1.87003,1.81376,0.0562634
0.2,1.83875,1.82172,0.0170365
0.216667,1.83569,1.82931,0.00638072
0.233333,1.82742,1.83655,-0.00912482
0.25,1.80459,1.84341,-0.038825
0.266667,1.83758,1.8499,-0.0123215
0.283333,1.90015,1.85602,0.0441311
0.3,1.84898,1.86175,-0.012765
0.316667,1.86414,1.86709,-0.00295293
0.333333,1.89414,1.87205,0.0220939
0.35,1.84426,1.87661,-0.0323447
0.366667,1.88737,1.88077,0.00660027
0.383333,1.89251,1.88453,0.0079829
0.4,1.8943,1.88788,0.00641937
0.416667,1.86751,1.89083,-0.02332
0.433333,1.9164,1.89337,0.0230275
0.45,1.94562,1.8955,0.0501237
0.466667,1.89581,1.89721,-0.00140441
0.483333,1.85834,1.89852,-0.0401795
0.5,1.84614,1.8994,-0.0532613
0.516667,1.93328,1.89988,0.033406
0.533333,1.8795,1.89993,-0.0204315
0.55,1.85533,1.89957,-0.0442482
0.566667,1.93814,1.8988,0.0393416
0.583333,1.88867,1.89761,-0.00893797
0.6,1.85733,1.89601,-0.0386792
0.616667,1.90738,1.89399,0.0133921
0.633333,1.91095,1.89156,0.0193929
0.65,1.90216,1.88872,0.013442
0.666667,1.91022,1.88548,0.0247463
0.683333,1.82778,1.88183,-0.0540446
0.7,1.83372,1.87778,-0.0440523
0.716667,1.91008,1.87332,0.0367504
0.733333,1.87683,1.86848,0.00835493
0.75,1.87083,1.86324,0.00759431
0.766667,1.83697,1.85761,-0.0206442
0.783333,1.82761,1.8516,-0.0239961
0.8,1.85276,1.84521,0.00754768
0.816667,1.82921,1.83845,-0.00923643
0.833333,1.8271,1.83131,-0.0042114
0.85,1.79155,1.82382,-0.0322699
0.866667,1.77244,1.81596,-0.0435219
0.883333,1.80121,1.80775,-0.00654506
0.9,1.78476,1.7992,-0.0144421
0.916667,1.83471,1.7903,0.0444059
0.933333,1.83303,1.78108,0.0519523
0.95,1.72932,1.77152,-0.0422036
0.966667,1.76493,1.76165,0.00328159
0.983333,1.77407,1.75147,0.0226016
1,1.74738,1.74098,0.00639481
1.01667,1.70794,1.7302,-0.0222567
1.03333,1.6977,1.71913,-0.0214357
1.05,1.73438,1.70778,0.0266013
1.06667,1.66666,1.69616,-0.0295041
1.08333,1.69995,1.68428,0.0156697
1.1,1.66301,1.67215,-0.00913717
1.11667,1.57608,1.65977,-0.083688
1.13333,1.63675,1.64716,-0.0104082
1.15,1.70129,1.63432,0.0669625
1.16667,1.61939,1.62127,-0.0018873
1.18333,1.54257,1.60802,-0.0654477
1.2,1.61444,1.59457,0.0198735
1.21667,1.61404,1.58093,0.0331135
1.23333,1.51966,1.56712,-0.0474642
1.25,1.51598,1.55314,-0.0371692
1.26667,1.56045,1.53902,0.0214337
1.28333,1.51663,1.52474,-0.00811127
1.3,1.51642,1.51034,0.00607962
1.31667,1.5195,1.49582,0.0236831
1.33333,1.47759,1.48118,-0.00359574
1.35,1.46088,1.46645,-0.00556962
1.36667,1.4527,1.45163,0.00107297
1.38333,1.44372,1.43673,0.00699793
1.4,1.44252,1.42176,0.0207606
1.41667,1.3686,1.40674,-0.0381414
1.43333,1.34333,1.39168,-0.048351
1.45,1.40111,1.37659,0.0245185
1.46667,1.39979,1.36148,0.0383171
1.48333,1.30644,1.34635,-0.0399189
1.5,1.28942,1.33124,-0.0418149
1.51667,1.32485,1.31613,0.00871941
1.53333,1.32956,1.30105,0.0285108
1.55,1.27004,1.28601,-0.0159684
1.56667,1.22977,1.27102,-0.041243
1.58333,1.31568,1.25608,0.0596019
1.6,1.272,1.24122,0.0307803
1.61667,1.22885,1.22644,0.00241327
1.63333,1.17531,1.21175,-0.0364467
1.65,1.14131,1.19717,-0.0558561
1.66667,1.2241,1.1827,0.0413966
1.68333,1.15806,1.16836,-0.0102973
1.7,1.14376,1.15416,-0.010403
1.71667,1.14684,1.1401,0.0067387
1.73333,1.08422,1.12621,-0.041986
1.75,1.09604,1.11248,-0.016443
1.76667,1.10451,1.09893,0.00558001
1.78333,1.1015,1.08558,0.0159225
1.8,1.06297,1.07242,-0.00944942
1.81667,1.07171,1.05947,0.0122367
1.83333,1.02072,1.04675,-0.0260294
1.85,1.03689,1.03425,0.00264522
1.86667,1.07607,1.02199,0.0540808
1.88333,0.972175,1.00998,-0.0378015
1.9,0.98081,0.998223,-0.0174123
1.91667,1.02498,0.986735,0.0382432
1.93333,1.02781,0.975521,0.0522893
1.95,0.93214,0.964591,-0.032451
1.96667,0.93251,0.953953,-0.0214426
1.98333,0.925243,0.943614,-0.0183701
2,0.94309,0.933582,0.00950822
2.01667,0.982853,0.923865,0.0589885
2.03333,0.887209,0.91447,-0.027261
2.05,0.898178,0.905405,-0.00722707
2.06667,0.918074,0.896676,0.0213974
2.08333,0.853901,0.88829,-0.0343891
2.1,0.833423,0.880253,-0.0468303
2.11667,0.902118,0.872572,0.0295464
2.13333,0.885502,0.865251,0.0202505
2.15,0.869591,0.858297,0.0112936
2.16667,0.828489,0.851715,-0.0232264
2.18333,0.790735,0.84551,-0.0547748
2.2,0.869065,0.839686,0.0293792
2.21667,0.877787,0.834248,0.043539
2.23333,0.830848,0.829201,0.00164718
2.25,0.843317,0.824547,0.0187701
2.26667,0.822335,0.82029,0.00204447
2.28333,0.777856,0.816435,-0.0385786
2.3,0.771764,0.812982,-0.0412184
2.31667,0.837843,0.809936,0.0279067
2.33333,0.831966,0.807298,0.0246676
2.35,0.758182,0.805071,-0.0468891
2.36667,0.762304,0.803256,-0.0409511
2.38333,0.837035,0.801854,0.0351812
2.4,0.838026,0.800867,0.0371597
2.41667,0.801231,0.800295,0.000936071
2.43333,0.801596,0.800138,0.00145777
2.45,0.770939,0.800398,-0.0294595
2.46667,0.771405,0.801073,-0.0296678
2.48333,0.772789,0.802164,-0.0293744
2.5,0.771736,0.803668,-0.0319323
2.51667,0.892037,0.805586,0.0864505
2.53333,0.892104,0.807916,0.0841875
2.55,0.748238,0.810656,-0.0624179
2.56667,0.748417,0.813803,-0.0653863
2.58333,0.837361,0.817356,0.0200045
2.6,0.879302,0.821312,0.0579904
2.61667,0.810383,0.825668,-0.0152846
2.63333,0.797814,0.83042,-0.032606
2.65,0.835149,0.835565,-0.000416319
2.66667,0.886912,0.841099,0.0458127
2.68333,0.843885,0.847018,-0.00313341
2.7,0.810513,0.853318,-0.0428043
2.71667,0.899557,0.859993,0.0395644
2.73333,0.894819,0.867038,0.0277809
2.75,0.823471,0.874449,-0.0509786
2.76667,0.884312,0.88222,0.00209235
2.78333,0.947449,0.890344,0.0571054
2.8,0.914403,0.898816,0.0155873
2.81667,0.850378,0.907629,-0.057251
2.83333,0.842452,0.916777,-0.0743248
2.85,0.914033,0.926252,-0.0122194
2.86667,1.00111,0.936048,0.0650623
2.88333,0.990161,0.946157,0.0440042
2.9,0.910847,0.956571,-0.0457247
2.91667,0.967903,0.967283,0.000619594
2.93333,1.03329,0.978285,0.0550098
2.95,1.00735,0.989567,0.0177817
2.96667,0.945863,1.00112,-0.0552597
2.98333,1.0189,1.01294,0.00595773
3,1.08403,1.02501,0.0590159
3.01667,1.02879,1.03733,-0.00854808
3.03333,0.993611,1.04989,-0.0562792
3.05,1.06142,1.06267,-0.00125061
3.06667,1.13027,1.07567,0.0546005
3.08333,1.12588,1.08888,0.0369952
3.1,1.04165,1.10229,-0.0606421
3.11667,1.11867,1.11588,0.00279466
3.13333,1.20818,1.12965,0.0785262
3.15,1.0998,1.14359,-0.0437879
3.16667,1.14499,1.15768,-0.0126896
3.18333,1.18297,1.17192,0.011053
3.2,1.17803,1.18629,-0.00826015
3.21667,1.21195,1.20079,0.0111684
3.23333,1.23662,1.2154,0.0212262
3.25,1.24401,1.23011,0.013901
3.26667,1.23378,1.24491,-0.0111292
3.28333,1.21569,1.25979,-0.0441009
3.3,1.29779,1.27474,0.0230517
3.31667,1.31553,1.28975,0.0257876
3.33333,1.30429,1.3048,-0.000507011
3.35,1.29425,1.31989,-0.0256382
3.36667,1.28551,1.335,-0.0494808
3.38333,1.37616,1.35012,0.0260483
3.4,1.38457,1.36524,0.0193319
3.41667,1.39205,1.38035,0.0117054
3.43333,1.39506,1.39543,-0.000369235
3.45,1.38326,1.41048,-0.0272218
3.46667,1.39922,1.42549,-0.0262711
3.48333,1.43204,1.44044,-0.00840298
3.5,1.51009,1.45532,0.0547706
3.51667,1.52165,1.47012,0.051525
3.53333,1.46076,1.48483,-0.0240748
3.55,1.45573,1.49944,-0.0437114
3.56667,1.54883,1.51394,0.0348925
3.58333,1.53988,1.52831,0.0115768
3.6,1.49464,1.54254,-0.0479054
3.61667,1.57186,1.55664,0.0152254
3.63333,1.6259,1.57057,0.0553294
3.65,1.62214,1.58434,0.037802
3.66667,1.59235,1.59793,-0.00558317
3.68333,1.57022,1.61133,-0.0411097
3.7,1.61106,1.62454,-0.0134803
3.71667,1.66426,1.63754,0.026718
3.73333,1.67114,1.65032,0.0208206
3.75,1.65945,1.66287,-0.00342703
3.76667,1.67814,1.67519,0.00294479
3.78333,1.70488,1.68726,0.0176188
3.8,1.69235,1.69908,-0.00673152
3.81667,1.74105,1.71063,0.0304223
3.83333,1.7009,1.72191,-0.0210112
3.85,1.71877,1.73291,-0.0141363
3.86667,1.78403,1.74362,0.0404057
3.88333,1.70663,1.75403,-0.0474034
3.9,1.78221,1.76414,0.0180703
3.91667,1.84257,1.77393,0.0686353
3.93333,1.7973,1.7834,0.0138997
3.95,1.76797,1.79255,-0.0245736
3.96667,1.77603,1.80136,-0.025323
3.98333,1.83873,1.80983,0.0289062
4,1.83312,1.81795,0.0151733
4.01667,1.80105,1.82572,-0.0246656
4.03333,1.86111,1.83312,0.0279901
4.05,1.85868,1.84017,0.0185169
4.06667,1.81159,1.84684,-0.0352501
4.08333,1.86793,1.85313,0.0147968
4.1,1.82659,1.85905,-0.0324586
4.11667,1.86764,1.86458,0.00306422
4.13333,1.90743,1.86972,0.0377105
4.15,1.89338,1.87447,0.0189148
4.16667,1.9355,1.87882,0.0566802
4.18333,1.8324,1.88277,-0.050372
4.2,1.83306,1.88632,-0.0532594
4.21667,1.92423,1.88947,0.0347664
4.23333,1.91292,1.8922,0.020722
4.25,1.91223,1.89453,0.0177048
4.26667,1.92906,1.89644,0.0326198
4.28333,1.91193,1.89794,0.0139888
4.3,1.87737,1.89903,-0.0216609
4.31667,1.89067,1.8997,-0.00903465
4.33333,1.9274,1.89996,0.0274403
4.35,1.85345,1.8998,-0.0463473
4.36667,1.87397,1.89922,-0.0252529
4.38333,1.94032,1.89823,0.0420908
4.4,1.94081,1.89683,0.0439885
4.41667,1.93633,1.89501,0.0413273
4.43333,1.82579,1.89278,-0.0669874
4.45,1.85044,1.89013,-0.0396948
4.46667,1.94038,1.88708,0.0532979
4.48333,1.88023,1.88363,-0.00339422
4.5,1.85998,1.87977,-0.0197915
4.51667,1.89616,1.87551,0.0206515
4.53333,1.87197,1.87085,0.00112375
4.55,1.87217,1.8658,0.00636563
4.56667,1.85574,1.86036,-0.0046156
4.58333,1.85194,1.85453,-0.00259517
4.6,1.87211,1.84832,0.0237828
4.61667,1.83662,1.84174,-0.00511931
4.63333,1.83589,1.83478,0.00111274
4.65,1.83521,1.82746,0.00775233
4.66667,1.81777,1.81977,-0.00200411
4.68333,1.82988,1.81173,0.0181523
4.7,1.79234,1.80334,-0.0109974
4.71667,1.74513,1.79461,-0.0494774
4.73333,1.81364,1.78554,0.028097
4.75,1.8151,1.77614,0.0389582
4.76667,1.73376,1.76642,-0.0326602
4.78333,1.72385,1.75639,-0.0325437
4.8,1.74896,1.74605,0.00290767
4.81667,1.75461,1.73541,0.0191995
4.83333,1.75065,1.72447,0.0261792
4.85,1.70731,1.71326,-0.00594519
4.86667,1.66921,1.70177,-0.0325626
4.88333,1.7051,1.69001,0.0150846
4.9,1.64559,1.678,-0.0324131
4.91667,1.64757,1.66574,-0.018166
4.93333,1.66953,1.65324,0.0162933
4.95,1.65198,1.64051,0.0114747
4.96667,1.6061,1.62756,-0.0214529
4.98333,1.6035,1.6144,-0.0109015
5,1.59955,1.60104,-0.00148484
5.01667,1.60378,1.58749,0.0162904
5.03333,1.57588,1.57376,0.00211894
5.05,1.55738,1.55987,-0.00248359
5.06667,1.58589,1.54581,0.0400846
5.08333,1.50147,1.5316,-0.0301367
5.1,1.50427,1.51726,-0.0129944
5.11667,1.49179,1.5028,-0.011004
5.13333,1.49977,1.48821,0.0115541
5.15,1.50536,1.47352,0.0318397
5.16667,1.43613,1.45874,-0.0226173
5.18333,1.44671,1.44388,0.00282866
5.2,1.42373,1.42894,-0.00521885
5.21667,1.36885,1.41395,-0.0450974
5.23333,1.37369,1.39891,-0.0252172
5.25,1.38008,1.38383,-0.00374445
5.26667,1.38256,1.36872,0.013831
5.28333,1.39069,1.3536,0.0370862
5.3,1.31943,1.33848,-0.0190489
5.31667,1.31135,1.32337,-0.0120185
5.33333,1.36725,1.30828,0.0589772
5.35,1.29087,1.29322,-0.00234145
5.36667,1.22013,1.2782,-0.0580725
5.38333,1.239,1.26323,-0.024231
5.4,1.22717,1.24834,-0.0211632
5.41667,1.24916,1.23351,0.0156468
5.43333,1.26535,1.21878,0.0465649
5.45,1.16954,1.20415,-0.0346105
5.46667,1.17299,1.18962,-0.0166314
5.48333,1.15609,1.17522,-0.0191334
5.5,1.16753,1.16095,0.00658175
5.51667,1.15663,1.14682,0.00980688
5.53333,1.10783,1.13285,-0.0250178
5.55,1.144,1.11904,0.0249537
5.56667,1.12548,1.10541,0.0200715
5.58333,1.0788,1.09196,-0.0131623
5.6,1.06691,1.0787,-0.0117945
5.61667,1.07725,1.06565,0.0115971
5.63333,1.01746,1.05282,-0.0353565
5.65,1.00531,1.04021,-0.0348996
5.66667,1.07045,1.02784,0.0426188
5.68333,1.0348,1.0157,0.0190947
5.7,0.972954,1.00383,-0.0308719
5.71667,1.00456,0.992209,0.0123545
5.73333,0.987649,0.980863,0.00678564
5.75,0.967978,0.969796,-0.00181764
5.76667,0.965781,0.959017,0.00676469
5.78333,0.958522,0.948533,0.00998926
5.8,0.958334,0.938353,0.0199811
5.81667,0.911821,0.928484,-0.016663
5.83333,0.921587,0.918934,0.00265281
5.85,0.903106,0.90971,-0.0066039
5.86667,0.862005,0.900819,-0.0388146
5.88333,0.884013,0.892268,-0.00825524
5.9,0.877707,0.884063,-0.00635558
5.91667,0.865155,0.87621,-0.0110549
5.93333,0.866536,0.868716,-0.00217945
5.95,0.871032,0.861585,0.00944698
5.96667,0.853969,0.854824,-0.000854879
5.98333,0.834714,0.848438,-0.0137235
6,0.812269,0.842431,-0.0301616
6.01667,0.79218,0.836807,-0.0446269
6.03333,0.892938,0.831572,0.0613657
6.05,0.873946,0.826729,0.0472175
6.06667,0.801839,0.822281,-0.0204426
6.08333,0.799282,0.818233,-0.0189513
6.1,0.773352,0.814587,-0.0412346
6.11667,0.831069,0.811346,0.0197236
6.13333,0.830916,0.808512,0.0224041
6.15,0.770029,0.806087,-0.0360584
6.16667,0.836177,0.804074,0.0321025
6.18333,0.834407,0.802474,0.0319329
6.2,0.730974,0.801288,-0.0703141
6.21667,0.822259,0.800517,0.021742
6.23333,0.816368,0.800161,0.0162065
6.25,0.728399,0.800222,-0.0718225
6.26667,0.81628,0.800698,0.0155822
6.28333,0.792649,0.801589,-0.00894014
6.3,0.76884,0.802895,-0.0340557
6.31667,0.867437,0.804615,0.0628213
6.33333,0.803083,0.806748,-0.00366455
6.35,0.799038,0.809291,-0.0102535
6.36667,0.855287,0.812243,0.0430442
6.38333,0.762265,0.815602,-0.0533366
6.4,0.767039,0.819365,-0.0523265
6.41667,0.840232,0.823529,0.0167026
6.43333,0.848097,0.828092,0.0200047
6.45,0.831762,0.833049,-0.0012874
6.46667,0.822934,0.838397,-0.015463
6.48333,0.83029,0.844132,-0.0138427
6.5,0.839307,0.85025,-0.0109425
6.51667,0.914682,0.856746,0.0579365
6.53333,0.908032,0.863614,0.0444174
6.55,0.833021,0.870851,-0.0378296
6.56667,0.883907,0.878449,0.00545768
6.58333,0.864738,0.886405,-0.0216666
6.6,0.908255,0.894711,0.0135438
6.61667,0.899943,0.903361,-0.00341839
6.63333,0.865244,0.91235,-0.0471053
6.65,0.952172,0.921669,0.0305033
6.66667,0.940806,0.931312,0.00949386
6.68333,0.95671,0.941272,0.015438
6.7,0.960497,0.95154,0.00895612
6.71667,0.95582,0.962111,-0.00629107
6.73333,0.947436,0.972974,-0.0255379
6.75,0.948495,0.984123,-0.0356275
6.76667,0.962903,0.995548,-0.0326455
6.78333,1.00965,1.00724,0.00240642
6.8,1.03784,1.01919,0.0186468
6.81667,1.03857,1.0314,0.00717238
6.83333,1.01199,1.04384,-0.0318558
6.85,1.01236,1.05652,-0.0441581
6.86667,1.11298,1.06941,0.0435689
6.88333,1.11124,1.08252,0.0287164
6.9,1.09912,1.09584,0.00328766
6.91667,1.1226,1.10934,0.0132604
6.93333,1.12797,1.12303,0.0049451
6.95,1.12342,1.13688,-0.0134687
6.96667,1.12358,1.1509,-0.0273257
6.98333,1.13719,1.16507,-0.027886
7,1.16209,1.17938,-0.0172936
7.01667,1.24123,1.19382,0.0474059
7.03333,1.25288,1.20838,0.0444993
7.05,1.16721,1.22304,-0.055831
7.06667,1.24092,1.2378,0.00312137
7.08333,1.27478,1.25265,0.0221293
7.1,1.28207,1.26756,0.0145057
7.11667,1.28809,1.28255,0.00554491
7.13333,1.21901,1.29758,-0.0785695
7.15,1.29252,1.31265,-0.020134
7.16667,1.31682,1.32775,-0.0109281
7.18333,1.35321,1.34287,0.0103399
7.2,1.3963,1.35799,0.0383169
7.21667,1.41227,1.3731,0.0391615
7.23333,1.38694,1.3882,-0.00125821
7.25,1.36404,1.40327,-0.0392283
7.26667,1.38014,1.4183,-0.0381648
7.28333,1.39509,1.43328,-0.0381866
7.3,1.46772,1.44819,0.0195267
7.31667,1.43954,1.46304,-0.0234933
7.33333,1.47096,1.47779,-0.00682686
7.35,1.54432,1.49245,0.0518705
7.36667,1.51455,1.507,0.00754603
7.38333,1.51283,1.52143,-0.00859837
7.4,1.55448,1.53574,0.0187446
7.41667,1.57641,1.5499,0.0265089
7.43333,1.54594,1.56391,-0.0179725
7.45,1.53542,1.57776,-0.0423343
7.46667,1.60765,1.59144,0.0162097
7.48333,1.61652,1.60493,0.0115876
7.5,1.58307,1.61823,-0.0351602
7.51667,1.66912,1.63133,0.0377882
7.53333,1.6712,1.64422,0.0269759
7.55,1.62239,1.65688,-0.0344923
7.56667,1.64963,1.66932,-0.0196866
7.58333,1.71923,1.68151,0.0377224
7.6,1.69348,1.69345,3.14874e-05
7.61667,1.6623,1.70513,-0.0428221
7.63333,1.72991,1.71654,0.0133671
7.65,1.72774,1.72767,7.14218e-05
7.66667,1.79018,1.73852,0.0516617
7.68333,1.77377,1.74908,0.0246892
7.7,1.74374,1.75933,-0.0155885
7.71667,1.80307,1.76927,0.0337926
7.73333,1.79525,1.7789,0.0163442
7.75,1.79459,1.7882,0.00639009
7.76667,1.78417,1.79718,-0.0130052
7.78333,1.76907,1.80581,-0.0367386
7.8,1.78112,1.8141,-0.0329763
7.81667,1.83723,1.82204,0.0151962
7.83333,1.86605,1.82962,0.0364351
7.85,1.87982,1.83683,0.0429858
7.86667,1.83438,1.84368,-0.00930129
7.88333,1.83389,1.85016,-0.016274
7.9,1.87618,1.85626,0.019916
7.91667,1.81236,1.86198,-0.0496118
7.93333,1.87488,1.8673,0.00757727
7.95,1.90271,1.87224,0.0304652
7.96667,1.84248,1.87678,-0.0342996
7.98333,1.90345,1.88093,0.0225188
8,1.97126,1.88467,0.0865924
8.01667,1.85376,1.88801,-0.0342485
8.03333,1.8344,1.89094,-0.0565396
8.05,1.95166,1.89346,0.0581906
8.06667,1.90352,1.89558,0.00794541
8.08333,1.87029,1.89728,-0.0269846
8.1,1.90019,1.89856,0.00162463
8.11667,1.91589,1.89943,0.0164544
8.13333,1.89486,1.89989,-0.0050291
8.15,1.9057,1.89993,0.00577112
8.16667,1.95794,1.89955,0.0583911
8.18333,1.88364,1.89876,-0.0151153
8.2,1.87344,1.89755,-0.0241101
8.21667,1.93222,1.89593,0.0362851
8.23333,1.93272,1.8939,0.0388231
8.25,1.89752,1.89145,0.00607221
8.26667,1.83594,1.8886,-0.0526568
8.28333,1.90111,1.88534,0.0157718
8.3,1.92427,1.88167,0.0426003
8.31667,1.87245,1.8776,-0.00515597
8.33333,1.84827,1.87313,-0.0248622
8.35,1.84534,1.86827,-0.0229334
8.36667,1.89347,1.86302,0.0304532
8.38333,1.90177,1.85737,0.0443996
8.4,1.86269,1.85135,0.0113477
8.41667,1.83726,1.84494,-0.00768094
8.43333,1.80796,1.83816,-0.0302046
8.45,1.86101,1.83101,0.0300009
8.46667,1.87305,1.8235,0.0495539
8.48333,1.80661,1.81563,-0.00901717
8.5,1.75141,1.80741,-0.0559953
8.51667,1.77848,1.79884,-0.0203553
8.53333,1.83882,1.78993,0.0488893
8.55,1.82805,1.78069,0.0473581
8.56667,1.80561,1.77112,0.0344845
8.58333,1.71505,1.76124,-0.0461935
8.6,1.73292,1.75104,-0.0181256
8.61667,1.77648,1.74055,0.035938
8.63333,1.69618,1.72975,-0.0335725
8.65,1.71992,1.71867,0.00125342
8.66667,1.72275,1.70731,0.0154397
8.68333,1.69772,1.69568,0.00203416
8.7,1.70753,1.68379,0.0237409
8.71667,1.65222,1.67165,-0.0194284
8.73333,1.63013,1.65926,-0.029124
8.75,1.65456,1.64664,0.00791749
8.76667,1.66635,1.63379,0.0325578
8.78333,1.65523,1.62073,0.0344968
8.8,1.63429,1.60747,0.026823
8.81667,1.54391,1.59401,-0.0500953
8.83333,1.54948,1.58037,-0.0308894
8.85,1.59062,1.56655,0.0240732
8.86667,1.56804,1.55257,0.0154758
8.88333,1.50683,1.53843,-0.0316047
8.9,1.53688,1.52416,0.0127238
8.91667,1.56833,1.50975,0.058578
8.93333,1.48725,1.49522,-0.00796764
8.95,1.49486,1.48058,0.0142765
8.96667,1.48407,1.46584,0.0182341
8.98333,1.42152,1.45102,-0.0294991
9,1.40011,1.43611,-0.0359988
9.01667,1.42739,1.42115,0.00624701
9.03333,1.47026,1.40613,0.06413
9.05,1.38614,1.39106,-0.00492622
9.06667,1.32947,1.37597,-0.0464952
9.08333,1.36532,1.36086,0.00446119
9.1,1.37692,1.34573,0.0311866
9.11667,1.29015,1.33061,-0.0404695
9.13333,1.33597,1.31551,0.0204624
9.15,1.38134,1.30043,0.0809112
9.16667,1.25921,1.28539,-0.0261784
9.18333,1.23511,1.2704,-0.0352878
9.2,1.23633,1.25547,-0.0191439
9.21667,1.27348,1.24061,0.0328669
9.23333,1.26722,1.22583,0.0413868
9.25,1.137,1.21115,-0.0741503
9.26667,1.15432,1.19657,-0.0422577
9.28333,1.23301,1.18211,0.0509009
9.3,1.23554,1.16778,0.0677652
9.31667,1.15386,1.15358,0.000280652
9.33333,1.0623,1.13953,-0.0772312
9.35,1.1385,1.12564,0.012863
9.36667,1.12534,1.11192,0.0134166
9.38333,1.12544,1.09838,0.0270576
9.4,1.08973,1.08503,0.00469759
9.41667,1.02164,1.07188,-0.0502436
9.43333,1.06183,1.05895,0.00287926
9.45,1.08042,1.04623,0.0341916
9.46667,0.990186,1.03374,-0.0435528
9.48333,1.00305,1.02149,-0.0184433
9.5,1.07927,1.00949,0.0697774
9.51667,0.962453,0.997746,-0.035293
9.53333,0.949565,0.986269,-0.0367041
9.55,0.975728,0.975067,0.000661534
9.56667,0.949273,0.964149,-0.0148755
9.58333,0.991732,0.953522,0.0382102
9.6,0.954464,0.943195,0.0112686
9.61667,0.881566,0.933176,-0.0516101
9.63333,0.937653,0.923473,0.0141807
9.65,0.930167,0.914092,0.0160754
9.66667,0.91657,0.90504,0.0115294
9.68333,0.9225,0.896325,0.0261746
9.7,0.840544,0.887953,-0.0474098
9.71667,0.843726,0.879931,-0.0362052
9.73333,0.911164,0.872264,0.0388999
9.75,0.884089,0.864958,0.0191304
9.76667,0.823928,0.85802,-0.0340913
9.78333,0.837871,0.851453,-0.0135823
9.8,0.824719,0.845263,-0.0205447
9.81667,0.819063,0.839455,-0.0203928
9.83333,0.830107,0.834033,-0.00392611
9.85,0.836157,0.829002,0.00715508
9.86667,0.809046,0.824364,-0.0153181
9.88333,0.819538,0.820124,-0.000586548
9.9,0.83099,0.816285,0.0147051
9.91667,0.806131,0.812849,-0.00671787
9.93333,0.81993,0.80982,0.0101109
9.95,0.816016,0.807199,0.00881788
9.96667,0.810233,0.804988,0.0052445
9.98333,0.816674,0.80319,0.0134844
10,0.817558,0.801805,0.0157532
10.0167,0.817476,0.800835,0.0166412
10.0333,0.771116,0.80028,-0.029164
10.05,0.765992,0.800141,-0.0341493
10.0667,0.802387,0.800418,0.00196961
10.0833,0.829939,0.80111,0.0288287
10.1,0.827245,0.802217,0.0250274
10.1167,0.819055,0.803739,0.015316
10.1333,0.813592,0.805674,0.0079183
10.15,0.809679,0.80802,0.00165893
10.1667,0.759001,0.810777,-0.0517758
10.1833,0.745241,0.813941,-0.0687005
10.2,0.828384,0.817511,0.0108731
10.2167,0.825738,0.821483,0.00425464
10.2333,0.827906,0.825855,0.00205106
10.25,0.829019,0.830623,-0.00160396
10.2667,0.82788,0.835785,-0.00790426
10.2833,0.839706,0.841335,-0.00162862
10.3,0.840229,0.847269,-0.00704067
10.3167,0.842998,0.853584,-0.0105863
10.3333,0.855726,0.860275,-0.00454866
10.35,0.934944,0.867335,0.0676087
10.3667,0.901129,0.874761,0.0263674
10.3833,0.851865,0.882546,-0.0306813
10.4,0.886805,0.890685,-0.00388062
10.4167,0.870485,0.899171,-0.0286867
10.4333,0.908551,0.907998,0.000552784
10.45,0.94967,0.91716,0.0325099
10.4667,0.88802,0.926648,-0.0386288
10.4833,0.943408,0.936457,0.0069506
10.5,0.987893,0.946579,0.0413145
10.5167,0.904146,0.957006,-0.0528598
10.5333,0.9668,0.967729,-0.000929661
10.55,0.961044,0.978743,-0.0176982
10.5667,1.0095,0.990036,0.01946
10.5833,1.0311,1.0016,0.0295021
10.6,0.959976,1.01343,-0.0534555
10.6167,1.02305,1.02552,-0.00246887
10.6333,1.00874,1.03785,-0.0291102
10.65,1.05499,1.05041,0.00457677
10.6667,1.08278,1.0632,0.0195768
10.6833,1.04422,1.07621,-0.0319966
10.7,1.07994,1.08943,-0.00948759
10.7167,1.12448,1.10284,0.021638
10.7333,1.12447,1.11644,0.00802302
10.75,1.10944,1.13022,-0.0207781
10.7667,1.13385,1.14416,-0.0103091
10.7833,1.17459,1.15826,0.0163334
10.8,1.19087,1.1725,0.0183682
10.8167,1.15319,1.18688,-0.0336898
10.8333,1.1774,1.20138,-0.0239888
10.85,1.23107,1.216,0.0150737
10.8667,1.25566,1.23071,0.0249499
10.8833,1.20223,1.24552,-0.0432919
10.9,1.20287,1.2604,-0.0575343
10.9167,1.30715,1.27536,0.031798
10.9333,1.3044,1.29036,0.0140348
10.95,1.31483,1.30542,0.00941516
10.9667,1.33277,1.32051,0.0122628
10.9833,1.3257,1.33562,-0.00991244
11,1.30777,1.35074,-0.0429633
11.0167,1.37528,1.36586,0.00942084
11.0333,1.42837,1.38097,0.0474068
11.05,1.37374,1.39605,-0.022308
11.0667,1.40738,1.4111,-0.00372426
11.0833,1.38806,1.42611,-0.0380411
11.1,1.41735,1.44105,-0.0237053
11.1167,1.48134,1.45593,0.025406
11.1333,1.46343,1.47073,-0.00730103
11.15,1.47188,1.48543,-0.0135539
11.1667,1.54902,1.50004,0.0489833
11.1833,1.51471,1.51453,0.000185173
11.2,1.45726,1.5289,-0.0716333
11.2167,1.54256,1.54313,-0.000565737
11.2333,1.55072,1.55721,-0.0064873
11.25,1.53439,1.57114,-0.0367528
11.2667,1.61248,1.5849,0.0275829
11.2833,1.65432,1.59848,0.0558336
11.3,1.5702,1.61188,-0.0416778
11.3167,1.56631,1.62508,-0.0587649
11.3333,1.63255,1.63807,-0.00551952
11.35,1.63165,1.65084,-0.0191927
11.3667,1.70614,1.66338,0.0427585
11.3833,1.71032,1.67569,0.034633
11.4,1.63759,1.68775,-0.0501644
11.4167,1.70923,1.69956,0.00967149
11.4333,1.69468,1.7111,-0.0164203
11.45,1.72306,1.72237,0.000687376
11.4667,1.79543,1.73336,0.0620784
11.4833,1.70354,1.74405,-0.0405128
11.5,1.74753,1.75445,-0.00692365
11.5167,1.76627,1.76455,0.00172453
11.5333,1.73063,1.77433,-0.0436993
11.55,1.75049,1.78378,-0.0332947
11.5667,1.80768,1.79292,0.0147665
11.5833,1.83701,1.80171,0.0353016
11.6,1.81691,1.81017,0.00674702
11.6167,1.81625,1.81827,-0.002024
11.6333,1.80875,1.82603,-0.0172728
11.65,1.87805,1.83342,0.0446262
11.6667,1.86104,1.84045,0.0205959
11.6833,1.79551,1.8471,-0.0515923
11.7,1.84141,1.85338,-0.0119733
11.7167,1.8564,1.85928,-0.00288635
11.7333,1.84274,1.8648,-0.0220625
11.75,1.89316,1.86992,0.023236
11.7667,1.86527,1.87466,-0.00938593
11.7833,1.91173,1.87899,0.0327411
11.8,1.89242,1.88293,0.0094951
11.8167,1.79663,1.88646,-0.0898259
11.8333,1.88089,1.88959,-0.00869448
11.85,1.94661,1.89231,0.054306
11.8667,1.93199,1.89462,0.0373753
11.8833,1.89791,1.89651,0.00139649
11.9,1.87384,1.898,-0.0241544
11.9167,1.90862,1.89907,0.00955564
11.9333,1.88032,1.89972,-0.0193957
11.95,1.84144,1.89996,-0.058519
11.9667,1.95543,1.89978,0.0556431
11.9833,1.92389,1.89919,0.0246982
12,1.87398,1.89818,-0.0242065
12.0167,1.92311,1.89676,0.0263504
12.0333,1.92557,1.89492,0.030649
12.05,1.90728,1.89268,0.0146061
12.0667,1.86363,1.89002,-0.0263908
12.0833,1.84746,1.88695,-0.0394883
12.1,1.91245,1.88348,0.0289719
12.1167,1.89972,1.8796,0.0201136
12.1333,1.90297,1.87533,0.0276416
12.15,1.8745,1.87065,0.00384426
12.1667,1.83057,1.86558,-0.0350094
12.1833,1.85592,1.86013,-0.00420289
12.2,1.84542,1.85428,-0.00886183
12.2167,1.83213,1.84806,-0.0159318
12.2333,1.85475,1.84146,0.0132942
12.25,1.84557,1.83449,0.0110857
12.2667,1.85707,1.82715,0.0299265
12.2833,1.85077,1.81945,0.0313268
12.3,1.78919,1.81139,-0.0222062
12.3167,1.79772,1.80299,-0.00526741
12.3333,1.80804,1.79424,0.0137995
12.35,1.81804,1.78516,0.0328768
12.3667,1.75119,1.77575,-0.0245651
12.3833,1.77921,1.76602,0.0131862
12.4,1.78829,1.75597,0.032314
12.4167,1.72841,1.74562,-0.0172038
12.4333,1.76013,1.73496,0.0251639
12.45,1.68705,1.72402,-0.0369734
12.4667,1.67673,1.71279,-0.0360578
12.4833,1.75185,1.70129,0.0505606
12.5,1.70624,1.68952,0.0167193
12.5167,1.66736,1.6775,-0.0101439
12.5333,1.66226,1.66523,-0.00296889
12.55,1.68253,1.65272,0.0298153
12.5667,1.64393,1.63998,0.0039489
12.5833,1.63136,1.62702,0.00433698
12.6,1.66503,1.61385,0.0511748
12.6167,1.61029,1.60049,0.00980163
12.6333,1.55364,1.58693,-0.0332874
12.65,1.54514,1.5732,-0.0280581
12.6667,1.58402,1.55929,0.0247258
12.6833,1.58181,1.54523,0.03658
12.7,1.55179,1.53102,0.0207678
12.7167,1.51997,1.51667,0.00329568
12.7333,1.46965,1.5022,-0.0325511
12.75,1.46119,1.48761,-0.0264161
12.7667,1.49776,1.47292,0.0248369
12.7833,1.46533,1.45813,0.00719326
12.8,1.46799,1.44327,0.024722
12.8167,1.39901,1.42833,-0.0293238
12.8333,1.3954,1.41333,-0.0179303
12.85,1.45886,1.39829,0.0605666
12.8667,1.37039,1.38321,-0.0128233
12.8833,1.35241,1.3681,-0.0156956
12.9,1.36084,1.35298,0.00785262
12.9167,1.30319,1.33786,-0.034671
12.9333,1.31589,1.32275,-0.00686416
12.95,1.34875,1.30766,0.0410961
12.9667,1.3348,1.2926,0.0421976
12.9833,1.27747,1.27758,-0.000112054
13,1.25639,1.26262,-0.00622986
13.0167,1.23328,1.24773,-0.0144453
13.0333,1.22141,1.23291,-0.011496
13.05,1.29139,1.21818,0.0732072
13.0667,1.20138,1.20355,-0.00217106
13.0833,1.13944,1.18903,-0.0495871
13.1,1.20587,1.17463,0.031238
13.1167,1.18236,1.16037,0.0219903
13.1333,1.118,1.14625,-0.028248
13.15,1.1111,1.13228,-0.0211852
13.1667,1.11369,1.11848,-0.00478908
13.1833,1.12586,1.10485,0.0210069
13.2,1.10288,1.09141,0.0114753
13.2167,1.09271,1.07816,0.0145435
13.2333,1.09394,1.06512,0.0288209
13.25,1.01748,1.0523,-0.0348176
13.2667,1.02042,1.0397,-0.0192734
13.2833,1.03725,1.02733,0.00992108
13.3,1.03677,1.01521,0.0215551
13.3167,1.01115,1.00334,0.00780283
13.3333,0.958577,0.991738,-0.0331602
13.35,1.04272,0.980403,0.062321
13.3667,1.01075,0.969348,0.0414067
13.3833,0.965743,0.95858,0.00716284
13.4,0.96,0.948109,0.0118917
13.4167,0.879793,0.937941,-0.0581479
13.4333,0.916346,0.928086,-0.0117397
13.45,0.956012,0.918549,0.0374632
13.4667,0.872721,0.909338,-0.0366177
13.4833,0.906191,0.900461,0.00573013
13.5,0.921805,0.891924,0.0298807
13.5167,0.899612,0.883733,0.0158789
13.5333,0.877048,0.875895,0.00115229
13.55,0.81637,0.868416,-0.0520459
13.5667,0.858761,0.8613,-0.00253919
13.5833,0.853854,0.854555,-0.000700633
13.6,0.830539,0.848184,-0.0176445
13.6167,0.862612,0.842192,0.0204204
13.6333,0.846601,0.836585,0.0100165
13.65,0.846221,0.831365,0.0148558
13.6667,0.867283,0.826538,0.0407446
13.6833,0.811551,0.822107,-0.0105562
13.7,0.806584,0.818075,-0.0114913
13.7167,0.783226,0.814446,-0.0312193
13.7333,0.802358,0.811221,-0.00886358
13.75,0.821123,0.808404,0.0127188
13.7667,0.822938,0.805997,0.0169416
13.7833,0.802894,0.804,-0.00110665
13.8,0.777022,0.802417,-0.0253954
13.8167,0.839658,0.801248,0.0384102
13.8333,0.781457,0.800494,-0.019037
13.85,0.812224,0.800156,0.0120686
13.8667,0.861817,0.800233,0.0615842
13.8833,0.801533,0.800726,0.000806961
13.9,0.743362,0.801635,-0.0582727
13.9167,0.749258,0.802958,-0.0536997
13.9333,0.806001,0.804695,0.00130638
13.95,0.8025,0.806844,-0.00434388
13.9667,0.794954,0.809404,-0.0144498
13.9833,0.816334,0.812373,0.00396049
14,0.840505,0.815749,0.0247565
14.0167,0.814083,0.819528,-0.00544552
14.0333,0.828205,0.823709,0.00449604
14.05,0.827842,0.828288,-0.000446199
14.0667,0.847897,0.833261,0.0146362
14.0833,0.87809,0.838625,0.0394643
14.1,0.871271,0.844376,0.0268948
14.1167,0.87197,0.850509,0.0214603
14.1333,0.868638,0.85702,0.0116173
14.15,0.882968,0.863904,0.019064
14.1667,0.818044,0.871156,-0.0531114
14.1833,0.832798,0.878769,-0.0459712
14.2,0.904602,0.886739,0.0178626
14.2167,0.906985,0.89506,0.011925
14.2333,0.890152,0.903724,-0.0135719
14.25,0.882348,0.912726,-0.0303782
14.2667,0.962632,0.922058,0.0405732
14.2833,0.947933,0.931715,0.0162184
14.3,0.897841,0.941687,-0.0438463
14.3167,0.951156,0.951969,-0.000812833
14.3333,0.974454,0.962551,0.0119026
14.35,1.00099,0.973427,0.0275655
14.3667,0.962506,0.984587,-0.0220813
14.3833,0.952996,0.996023,-0.0430274
14.4,1.03737,1.00773,0.0296378
14.4167,1.0165,1.01969,-0.00319159
14.4333,1.02772,1.0319,-0.00417961
14.45,1.07481,1.04436,0.0304559
14.4667,1.0716,1.05704,0.0145612
14.4833,1.04355,1.06995,-0.0263956
14.5,1.03916,1.08307,-0.0439047
14.5167,1.09676,1.09639,0.000371972
14.5333,1.12584,1.1099,0.0159445
14.55,1.12775,1.12359,0.00415914
14.5667,1.16531,1.13746,0.0278499
14.5833,1.13276,1.15148,-0.0187254
14.6,1.12823,1.16566,-0.0374264
14.6167,1.19502,1.17997,0.0150455
14.6333,1.16487,1.19442,-0.0295419
14.65,1.21301,1.20898,0.00403459
14.6667,1.22184,1.22365,-0.00180411
14.6833,1.2272,1.23841,-0.0112092
14.7,1.28235,1.25326,0.0290893
14.7167,1.28069,1.26818,0.0125141
14.7333,1.25577,1.28316,-0.0273938
14.75,1.25956,1.2982,-0.0386407
14.7667,1.35482,1.31327,0.0415544
14.7833,1.38374,1.32837,0.0553694
14.8,1.28902,1.34349,-0.0544714
14.8167,1.3139,1.35861,-0.0447125
14.8333,1.36272,1.37372,-0.0110047
14.85,1.41448,1.38882,0.0256608
14.8667,1.4606,1.40389,0.0567092
14.8833,1.38102,1.41892,-0.0378958
14.9,1.40886,1.43389,-0.0250354
14.9167,1.50506,1.44881,0.056251
14.9333,1.4256,1.46364,-0.0380431
14.95,1.41608,1.4784,-0.0623111
14.9667,1.51845,1.49305,0.0253978
14.9833,1.50247,1.5076,-0.0051234
15,1.48939,1.52202,-0.0326333
15.0167,1.57139,1.53632,0.035069
15.0333,1.59886,1.55048,0.0483791
15.05,1.54877,1.56448,-0.0157164
15.0667,1.52712,1.57832,-0.0512085
15.0833,1.5932,1.59199,0.0012052
15.1,1.62269,1.60548,0.0172116
15.1167,1.56751,1.61878,-0.0512641
15.1333,1.6518,1.63187,0.0199382
15.15,1.66393,1.64474,0.0191843
15.1667,1.61493,1.6574,-0.0424648
15.1833,1.64062,1.66982,-0.0291976
15.2,1.72444,1.682,0.0424378
15.2167,1.73255,1.69393,0.0386197
15.2333,1.70167,1.7056,-0.00392634
15.25,1.6761,1.717,-0.040905
15.2667,1.69228,1.72812,-0.0358468
15.2833,1.77427,1.73896,0.0353062
15.3,1.72437,1.7495,-0.0251298
15.3167,1.71795,1.75975,-0.0417992
15.3333,1.77622,1.76968,0.00654223
15.35,1.7652,1.77929,-0.0140925
15.3667,1.79659,1.78858,0.00801551
15.3833,1.77205,1.79754,-0.0254883
15.4,1.80635,1.80616,0.000193422
15.4167,1.88498,1.81443,0.0705526
15.4333,1.78523,1.82235,-0.0371242
15.45,1.77822,1.82992,-0.0517027
15.4667,1.84773,1.83712,0.0106094
15.4833,1.83753,1.84396,-0.00642647
15.5,1.81548,1.85042,-0.0349432
15.5167,1.85058,1.8565,-0.00592704
15.5333,1.8942,1.8622,0.0319966
15.55,1.88207,1.86751,0.0145574
15.5667,1.85025,1.87244,-0.0221886
15.5833,1.84633,1.87696,-0.0306324
15.6,1.92153,1.88109,0.0404416
15.6167,1.93406,1.88482,0.0492423
15.6333,1.86396,1.88814,-0.0241752
15.65,1.8418,1.89105,-0.0492519
15.6667,1.85948,1.89356,-0.034076
15.6833,1.93025,1.89565,0.0345909
15.7,1.85758,1.89734,-0.0397612
15.7167,1.85795,1.89861,-0.0406527
15.7333,1.94498,1.89946,0.0455226
15.75,1.92103,1.8999,0.0211367
15.7667,1.906,1.89992,0.00608375
15.7833,1.89686,1.89953,-0.00266809
15.8,1.8571,1.89872,-0.041619
15.8167,1.85606,1.89749,-0.0414348
15.8333,1.90446,1.89586,0.00860033
15.85,1.90905,1.8938,0.0152421
15.8667,1.9155,1.89134,0.0241577
15.8833,1.92217,1.88847,0.0336967
15.9,1.83981,1.88519,-0.045384
15.9167,1.84833,1.88151,-0.0331797
15.9333,1.89886,1.87743,0.021439
15.95,1.83778,1.87294,-0.0351605
15.9667,1.84711,1.86806,-0.0209509
15.9833,1.84358,1.86279,-0.0192084
16,1.88146,1.85713,0.0243217
16.0167,1.89998,1.85109,0.0488896
16.0333,1.81915,1.84467,-0.0255214
16.05,1.80408,1.83788,-0.0338004
16.0667,1.86231,1.83071,0.0315989
16.0833,1.84882,1.82318,0.0256404
16.1,1.81683,1.8153,0.00153431
16.1167,1.78299,1.80706,-0.0240772
16.1333,1.7729,1.79848,-0.0255792
16.15,1.77908,1.78956,-0.0104741
16.1667,1.7822,1.7803,0.00189674
16.1833,1.77968,1.77073,0.00895098
16.2,1.73509,1.76083,-0.0257338
16.2167,1.79881,1.75062,0.0481859
16.2333,1.77803,1.74011,0.0379199
16.25,1.74086,1.7293,0.0115623
16.2667,1.69417,1.71821,-0.0240393
16.2833,1.67414,1.70684,-0.0327028
16.3,1.71984,1.6952,0.0246427
16.3167,1.66362,1.6833,-0.0196731
16.3333,1.6464,1.67114,-0.0247371
16.35,1.66402,1.65875,0.00527791
16.3667,1.68154,1.64611,0.035422
16.3833,1.63696,1.63326,0.00369767
16.4,1.63425,1.62019,0.0140529
16.4167,1.60576,1.60692,-0.00115553
16.4333,1.53654,1.59345,-0.0569104
16.45,1.59642,1.5798,0.0166197
16.4667,1.58048,1.56598,0.0145011
16.4833,1.54847,1.55199,-0.00351732
16.5,1.52584,1.53785,-0.0120077
16.5167,1.51753,1.52357,-0.00603965
16.5333,1.52129,1.50915,0.012136
16.55,1.50979,1.49462,0.0151728
16.5667,1.4723,1.47998,-0.00767243
16.5833,1.4812,1.46523,0.0159714
16.6,1.47761,1.4504,0.0272013
16.6167,1.3936,1.4355,-0.0418975
16.6333,1.43733,1.42053,0.0168004
16.65,1.43783,1.40551,0.0323212
16.6667,1.37799,1.39044,-0.0124556
16.6833,1.37999,1.37535,0.00464044
16.7,1.37742,1.36023,0.017182
16.7167,1.35803,1.34511,0.0129159
16.7333,1.31321,1.32999,-0.0167887
16.75,1.30224,1.31489,-0.012651
16.7667,1.28389,1.29981,-0.0159213
16.7833,1.29139,1.28478,0.00661781
16.8,1.32775,1.26979,0.0579658
16.8167,1.23564,1.25486,-0.0192137
16.8333,1.19944,1.24,-0.0405634
16.85,1.2401,1.22523,0.0148749
16.8667,1.27763,1.21055,0.0670849
16.8833,1.19786,1.19598,0.00188701
16.9,1.16592,1.18152,-0.0155954
16.9167,1.19588,1.16719,0.0286905
16.9333,1.09685,1.153,-0.0561503
16.95,1.09924,1.13896,-0.039722
16.9667,1.15566,1.12507,0.0305852
16.9833,1.14566,1.11136,0.0342973
17,1.12719,1.09783,0.0293548
17.0167,1.08528,1.08449,0.000793187
17.0333,1.09554,1.07135,0.0241937
17.05,1.07065,1.05842,0.0122294
17.0667,1.02126,1.04571,-0.0244464
17.0833,1.01299,1.03323,-0.0202391
17.1,1.03721,1.02099,0.0162147
17.1167,0.986519,1.009,-0.022483
17.1333,0.966235,0.997269,-0.0310344
17.15,1.07308,0.985803,0.0872765
17.1667,1.00493,0.974613,0.0303142
17.1833,0.926593,0.963706,-0.0371133
17.2,0.925693,0.953092,-0.0273989
17.2167,0.939514,0.942778,-0.00326416
17.2333,0.94245,0.932772,0.00967863
17.25,0.954827,0.923081,0.0317461
17.2667,0.889455,0.913713,-0.0242588
17.2833,0.872747,0.904676,-0.0319283
17.3,0.937331,0.895975,0.0413567
17.3167,0.908745,0.887617,0.0211283
17.3333,0.883483,0.879609,0.00387391
17.35,0.88419,0.871957,0.0122331
17.3667,0.880065,0.864666,0.0153984
17.3833,0.876409,0.857743,0.0186663
17.4,0.819057,0.851191,-0.0321338
17.4167,0.819898,0.845017,-0.0251187
17.4333,0.835352,0.839225,-0.00387328
17.45,0.813882,0.833819,-0.0199367
17.4667,0.871453,0.828804,0.042649
17.4833,0.878531,0.824182,0.0543486
17.5,0.82459,0.819959,0.00463168
17.5167,0.776619,0.816136,-0.0395169
17.5333,0.775138,0.812717,-0.0375788
17.55,0.81462,0.809704,0.00491636
17.5667,0.857816,0.8071,0.0507161
17.5833,0.81694,0.804906,0.0120336
17.6,0.78394,0.803125,-0.0191846
17.6167,0.783741,0.801757,-0.0180161
17.6333,0.76616,0.800804,-0.0346435
17.65,0.806306,0.800266,0.00604035
17.6667,0.854141,0.800144,0.0539972
17.6833,0.811861,0.800438,0.0114229
17.7,0.808609,0.801147,0.00746135
17.7167,0.83644,0.802272,0.034168
17.7333,0.776028,0.80381,-0.0277829
17.75,0.745071,0.805762,-0.0606914
17.7667,0.808167,0.808126,4.18573e-05
17.7833,0.81281,0.810899,0.0019112
17.8,0.828026,0.81408,0.0139466
17.8167,0.828517,0.817666,0.0108515
17.8333,0.834452,0.821655,0.012797
17.85,0.852537,0.826043,0.0264939
17.8667,0.80108,0.830828,-0.0297481
17.8833,0.864152,0.836005,0.0281471
17.9,0.862963,0.841571,0.0213925
17.9167,0.861095,0.847521,0.0135735
17.9333,0.821865,0.853852,-0.0319869
17.95,0.807563,0.860557,-0.0529948
17.9667,0.919579,0.867633,0.0519452
17.9833,0.900705,0.875074,0.0256315
18,0.888903,0.882874,0.0060288
18.0167,0.87872,0.891027,-0.0123073
18.0333,0.888437,0.899527,-0.0110897
18.05,0.889323,0.908368,-0.019045
18.0667,0.946758,0.917543,0.0292146
18.0833,0.952509,0.927045,0.0254639
18.1,0.910461,0.936867,-0.0264059
18.1167,0.916751,0.947001,-0.0302502
18.1333,0.953588,0.95744,-0.00385252
18.15,0.991434,0.968176,0.0232575
18.1667,0.984673,0.979201,0.00547201
18.1833,0.985914,0.990506,-0.00459249
18.2,1.02712,1.00208,0.0250384
18.2167,1.0632,1.01392,0.0492748
18.2333,0.97656,1.02602,-0.0494582
18.25,1.02049,1.03836,-0.0178691
18.2667,1.11248,1.05093,0.0615446
18.2833,1.04513,1.06373,-0.0186022
18.3,1.03268,1.07675,-0.0440664
18.3167,1.09069,1.08998,0.000716913
18.3333,1.10628,1.1034,0.00288701
18.35,1.15563,1.117,0.0386211
18.3667,1.14424,1.13079,0.0134475
18.3833,1.09757,1.14474,-0.0471712
18.4,1.18091,1.15884,0.0220697
18.4167,1.22773,1.17309,0.0546366
18.4333,1.14025,1.18748,-0.0472238
18.45,1.16421,1.20198,-0.0377719
18.4667,1.23341,1.2166,0.0168052
18.4833,1.25841,1.23132,0.0270891
18.5,1.24417,1.24613,-0.00196235
18.5167,1.2327,1.26102,-0.0283142
18.5333,1.33141,1.27597,0.0554349
18.55,1.31677,1.29098,0.0257849
18.5667,1.25053,1.30604,-0.0555096
18.5833,1.33955,1.32113,0.0184188
18.6,1.3401,1.33624,0.0038585
18.6167,1.33056,1.35136,-0.0208007
18.6333,1.40675,1.36648,0.0402726
18.65,1.38796,1.38159,0.00636967
18.6667,1.40103,1.39667,0.00436119
18.6833,1.44505,1.41172,0.0333301
18.7,1.38772,1.42672,-0.0389985
18.7167,1.44136,1.44166,-0.000300024
18.7333,1.49074,1.45654,0.0342032
18.75,1.42799,1.47133,-0.0433462
18.7667,1.4746,1.48604,-0.0114345
18.7833,1.56272,1.50064,0.0620853
18.8,1.51381,1.51512,-0.00131254
18.8167,1.50355,1.52948,-0.0259328
18.8333,1.55173,1.54371,0.00801934
18.85,1.53938,1.55779,-0.0184038
18.8667,1.55836,1.57171,-0.013347
18.8833,1.62715,1.58546,0.0416907
18.9,1.64785,1.59904,0.0488089
18.9167,1.57209,1.61243,-0.0403395
18.9333,1.60819,1.62562,-0.0174304
18.95,1.64012,1.6386,0.00152791
18.9667,1.61467,1.65136,-0.0366896
18.9833,1.63011,1.66389,-0.0337834
19,1.70261,1.67619,0.026418
19.0167,1.68859,1.68824,0.000347533
19.0333,1.64581,1.70004,-0.0542284
19.05,1.77104,1.71157,0.0594732
19.0667,1.76783,1.72283,0.0449992
19.0833,1.71493,1.7338,-0.0188693
19.1,1.73865,1.74449,-0.00583381
19.1167,1.71169,1.75487,-0.0431874
19.1333,1.76996,1.76495,0.00500978
19.15,1.84004,1.77472,0.0653189
19.1667,1.78842,1.78417,0.00425422
19.1833,1.75914,1.79328,-0.0341453
19.2,1.76076,1.80207,-0.0413066
19.2167,1.81061,1.81051,0.000105525
19.2333,1.85745,1.8186,0.0388529
19.25,1.83606,1.82634,0.00971794
19.2667,1.81738,1.83372,-0.0163338
19.2833,1.81624,1.84073,-0.0244906
19.3,1.79771,1.84737,-0.0496613
19.3167,1.84435,1.85363,-0.00928155
19.3333,1.92339,1.85952,0.0638759
19.35,1.86473,1.86502,-0.000288378
19.3667,1.85218,1.87013,-0.0179433
19.3833,1.9036,1.87484,0.0287627
19.4,1.83912,1.87916,-0.0400427
19.4167,1.82042,1.88308,-0.0626553
19.4333,1.90981,1.8866,0.0232183
19.45,1.90595,1.88971,0.0162382
19.4667,1.92244,1.89241,0.03003
19.4833,1.86772,1.8947,-0.0269847
19.5,1.8678,1.89658,-0.0287826
19.5167,1.89262,1.89805,-0.00543048
19.5333,1.86551,1.8991,-0.0335895
19.55,1.90586,1.89974,0.00612134
19.5667,1.89021,1.89996,-0.0097496
19.5833,1.88826,1.89977,-0.0115056
19.6,1.88835,1.89916,-0.0108106
19.6167,1.93749,1.89813,0.0393581
19.6333,1.89831,1.89669,0.00161645
19.65,1.8943,1.89484,-0.000543152
19.6667,1.91234,1.89257,0.0197611
19.6833,1.84421,1.8899,-0.0456935
19.7,1.86926,1.88682,-0.0175577
19.7167,1.86374,1.88333,-0.0195832
19.7333,1.87235,1.87943,-0.00708561
19.75,1.88247,1.87514,0.00732733
19.7667,1.84136,1.87045,-0.0290883
19.7833,1.82971,1.86537,-0.0356605
19.8,1.8602,1.85989,0.000308539
19.8167,1.91381,1.85404,0.0597743
19.8333,1.89419,1.8478,0.0463954
19.85,1.78554,1.84118,-0.0556403
19.8667,1.76836,1.83419,-0.0658368
19.8833,1.84865,1.82684,0.0218138
19.9,1.84428,1.81912,0.0251516
19.9167,1.81059,1.81106,-0.000466591
19.9333,1.79318,1.80264,-0.00946243
19.95,1.78699,1.79388,-0.00688308
19.9667,1.80998,1.78478,0.025202
19.9833,1.78236,1.77536,0.00700258
20,1.70498,1.76561,-0.0606331
20.0167,1.72102,1.75555,-0.0345347
20.0333,1.7674,1.74519,0.0222102
20.05,1.7394,1.73452,0.00488403
20.0667,1.71928,1.72356,-0.00428
20.0833,1.72601,1.71233,0.0136839
20.1,1.69981,1.70081,-0.0010045
20.1167,1.6719,1.68903,-0.0171324
20.1333,1.66796,1.677,-0.00904437
20.15,1.65448,1.66472,-0.0102417
20.1667,1.66012,1.6522,0.00792306
20.1833,1.65703,1.63945,0.0175829
20.2,1.58659,1.62648,-0.0398912
20.2167,1.59298,1.61331,-0.0203275
20.2333,1.64365,1.59993,0.0437161
20.25,1.53827,1.58637,-0.0481024
20.2667,1.54333,1.57263,-0.0292968
20.2833,1.57963,1.55872,0.0209156
20.3,1.59017,1.54465,0.0455196
20.3167,1.55982,1.53043,0.0293929
20.3333,1.49887,1.51608,-0.0172135
20.35,1.49982,1.5016,-0.00178157
20.3667,1.42487,1.48701,-0.0621409
20.3833,1.47955,1.47231,0.00723652
20.4,1.47554,1.45752,0.0180153
20.4167,1.38794,1.44266,-0.0547138
20.4333,1.44334,1.42772,0.015624
20.45,1.40991,1.41272,-0.00281018
20.4667,1.37622,1.39767,-0.021449
20.4833,1.43544,1.38259,0.0528491
20.5,1.36189,1.36748,-0.0055958
20.5167,1.32834,1.35236,-0.0240252
20.5333,1.31101,1.33724,-0.0262291
20.55,1.30617,1.32213,-0.0159555
20.5667,1.34252,1.30704,0.0354791
20.5833,1.27007,1.29198,-0.0219071
20.6,1.25477,1.27697,-0.022194
20.6167,1.25301,1.26201,-0.00899838
20.6333,1.24802,1.24712,0.000902776
20.65,1.24821,1.2323,0.015912
20.6667,1.25712,1.21758,0.0395481
20.6833,1.23598,1.20295,0.0330316
20.7,1.1783,1.18844,-0.0101364
20.7167,1.18115,1.17404,0.0071096
20.7333,1.16043,1.15979,0.000646872
20.75,1.09532,1.14567,-0.0503542
20.7667,1.13793,1.13171,0.00622387
20.7833,1.17945,1.11791,0.0615337
20.8,1.09831,1.1043,-0.00598312
20.8167,1.06848,1.09086,-0.0223771
20.8333,1.12006,1.07762,0.042441
20.85,1.04045,1.06459,-0.0241458
20.8667,1.0053,1.05178,-0.0464725
20.8833,1.08796,1.03919,0.0487698
20.9,0.998692,1.02683,-0.0281377
20.9167,0.994657,1.01472,-0.0200615
20.9333,1.01943,1.00286,0.0165722
20.95,0.979435,0.991267,-0.0118321
20.9667,1.0389,0.979943,0.0589606
20.9833,0.960379,0.9689,-0.00852054
21,0.920498,0.958144,-0.037646
21.0167,0.949,0.947685,0.00131519
21.0333,0.924789,0.93753,-0.0127415
21.05,0.91947,0.927688,-0.0082175
21.0667,0.919111,0.918164,0.000946626
21.0833,0.980221,0.908967,0.0712537
21.1,0.890195,0.900104,-0.00990918
21.1167,0.865403,0.891581,-0.0261782
21.1333,0.895942,0.883405,0.0125373
21.15,0.86254,0.875581,-0.0130413
21.1667,0.867693,0.868116,-0.000423301
21.1833,0.864377,0.861016,0.00336068
21.2,0.881908,0.854286,0.0276223
21.2167,0.822986,0.84793,-0.0249436
21.2333,0.828096,0.841954,-0.0138586
21.25,0.832911,0.836363,-0.00345151
21.2667,0.850771,0.831159,0.0196117
21.2833,0.811542,0.826349,-0.0148062
21.3,0.779269,0.821934,-0.0426646
21.3167,0.880172,0.817918,0.0622536
21.3333,0.844351,0.814305,0.0300452
21.35,0.815804,0.811097,0.00470661
21.3667,0.773929,0.808297,-0.0343683
21.3833,0.774253,0.805907,-0.0316539
21.4,0.842581,0.803927,0.0386533
21.4167,0.809997,0.802361,0.00763606
21.4333,0.79751,0.801209,-0.0036987
21.45,0.763349,0.800472,-0.0371235
21.4667,0.768424,0.800151,-0.0317271
21.4833,0.839131,0.800245,0.0388861
21.5,0.853403,0.800755,0.0526472
21.5167,0.776152,0.801681,-0.0255293
21.5333,0.7882,0.803021,-0.014821
21.55,0.838465,0.804775,0.0336898
21.5667,0.828965,0.806941,0.0220233
21.5833,0.840056,0.809518,0.0305375
21.6,0.817756,0.812504,0.00525212
21.6167,0.810628,0.815896,-0.00526771
21.6333,0.744395,0.819692,-0.0752973
21.65,0.80809,0.823889,-0.0157988
21.6667,0.910105,0.828484,0.0816211
21.6833,0.843767,0.833474,0.0102928
21.7,0.812658,0.838854,-0.0261962
21.7167,0.810841,0.84462,-0.0337798
21.7333,0.819699,0.850769,-0.0310699
21.75,0.888632,0.857296,0.0313359
21.7667,0.87542,0.864195,0.011225
21.7833,0.814997,0.871461,-0.0564638
21.8,0.903427,0.87909,0.0243376
21.8167,0.90482,0.887074,0.0177459
21.8333,0.878628,0.895409,-0.0167806
21.85,0.944385,0.904087,0.0402978
21.8667,0.908861,0.913103,-0.0042412
21.8833,0.894573,0.922449,-0.0278758
21.9,0.956761,0.932118,0.0246427
21.9167,0.972924,0.942104,0.0308208
21.9333,0.975502,0.952397,0.0231048
21.95,0.967131,0.962992,0.00413868
21.9667,0.95651,0.973879,-0.0173693
21.9833,0.983214,0.985051,-0.00183762
22,0.993084,0.996499,-0.00341491
22.0167,0.972473,1.00821,-0.0357406
22.0333,1.03234,1.02019,0.0121475
22.05,1.07583,1.03241,0.0434145
22.0667,1.00081,1.04487,-0.0440665
22.0833,1.05494,1.05757,-0.00262539
22.1,1.09521,1.07048,0.0247233
22.1167,1.08545,1.08361,0.00184364
22.1333,1.07082,1.09694,-0.0261186
22.15,1.08369,1.11046,-0.0267626
22.1667,1.16805,1.12416,0.0438926
22.1833,1.14661,1.13803,0.00858397
22.2,1.14092,1.15206,-0.0111371
22.2167,1.20096,1.16624,0.0347125
22.2333,1.21962,1.18056,0.0390566
22.25,1.21727,1.19501,0.0222573
22.2667,1.16191,1.20958,-0.0476636
22.2833,1.19616,1.22425,-0.0280884
22.3,1.2793,1.23902,0.0402789
22.3167,1.29021,1.25387,0.0363396
22.3333,1.25358,1.26879,-0.0152147
22.35,1.24735,1.28378,-0.0364263
22.3667,1.33662,1.29881,0.0378051
22.3833,1.36777,1.31389,0.053882
22.4,1.29391,1.32899,-0.0350793
22.4167,1.29215,1.34411,-0.0519546
22.4333,1.36395,1.35923,0.00471583
22.45,1.42361,1.37434,0.0492603
22.4667,1.3957,1.38944,0.00626242
22.4833,1.359,1.40451,-0.0455091
22.5,1.47379,1.41953,0.0542584
22.5167,1.48625,1.43451,0.0517457
22.5333,1.43782,1.44942,-0.0116004
22.55,1.42601,1.46425,-0.0382401
22.5667,1.44443,1.479,-0.0345684
22.5833,1.54342,1.49365,0.0497662
22.6,1.54143,1.50819,0.0332405
22.6167,1.47872,1.52261,-0.0438915
22.6333,1.55333,1.5369,0.0164294
22.65,1.59115,1.55106,0.0400983
22.6667,1.5437,1.56505,-0.0213489
22.6833,1.56618,1.57889,-0.0127065
22.7,1.61739,1.59255,0.0248393
22.7167,1.57262,1.60603,-0.0334104
22.7333,1.56021,1.61932,-0.0591075
22.75,1.71329,1.6324,0.080895
22.7667,1.6955,1.64527,0.0502301
22.7833,1.65315,1.65791,-0.00476003
22.8,1.6509,1.67033,-0.0194213
22.8167,1.64072,1.6825,-0.0417755
22.8333,1.69926,1.69442,0.00484828
22.85,1.73588,1.70607,0.0298048
22.8667,1.72759,1.71746,0.010125
22.8833,1.7507,1.72857,0.0221228
22.9,1.72146,1.7394,-0.0179401
22.9167,1.68581,1.74993,-0.0641229
22.9333,1.79253,1.76016,0.0323704
22.95,1.78455,1.77008,0.014475
22.9667,1.7624,1.77968,-0.0172746
22.9833,1.77522,1.78895,-0.0137309
23,1.84805,1.7979,0.0501542
23.0167,1.86334,1.8065,0.0568403
23.0333,1.78238,1.81476,-0.0323872
23.05,1.81257,1.82267,-0.0101014
23.0667,1.88603,1.83022,0.055803
23.0833,1.8479,1.83741,0.010487
23.1,1.81982,1.84423,-0.0244149
23.1167,1.84184,1.85068,-0.0088331
23.1333,1.85286,1.85674,-0.00387973
23.15,1.85794,1.86243,-0.00448595
23.1667,1.8875,1.86772,0.0197749
23.1833,1.8848,1.87263,0.0121713
23.2,1.84919,1.87714,-0.0279453
23.2167,1.88072,1.88125,-0.00053434
23.2333,1.8562,1.88496,-0.0287612
23.25,1.86585,1.88827,-0.0224188
23.2667,1.90089,1.89116,0.00972098
23.2833,1.92936,1.89365,0.0357077
23.3,1.93097,1.89573,0.0352366
23.3167,1.85197,1.8974,-0.0454317
23.3333,1.87664,1.89865,-0.0220114
23.35,1.93045,1.89948,0.0309693
23.3667,1.93332,1.89991,0.0334095
23.3833,1.93144,1.89991,0.0315316
23.4,1.89235,1.8995,-0.00715223
23.4167,1.88987,1.89867,-0.0088092
23.4333,1.9235,1.89743,0.026071
23.45,1.89968,1.89578,0.00389926
23.4667,1.91143,1.89371,0.0177194
23.4833,1.83945,1.89123,-0.0517835
23.5,1.84129,1.88834,-0.0470564
23.5167,1.93979,1.88505,0.0547367
23.5333,1.89544,1.88135,0.014086
23.55,1.84652,1.87725,-0.0307242
23.5667,1.828,1.87275,-0.0447467
23.5833,1.90966,1.86785,0.0418103
23.6,1.88037,1.86257,0.0178019
23.6167,1.79926,1.85689,-0.0576309
23.6333,1.86791,1.85084,0.01707
23.65,1.86285,1.8444,0.0184551
23.6667,1.83611,1.83759,-0.00147984
23.6833,1.82727,1.83041,-0.00313851
23.7,1.81548,1.82287,-0.00738943
23.7167,1.79381,1.81497,-0.0211575
23.7333,1.79621,1.80672,-0.0105083
23.75,1.79088,1.79812,-0.00723896
23.7667,1.76172,1.78918,-0.0274698
23.7833,1.76931,1.77992,-0.0106119
23.8,1.78524,1.77032,0.014911
23.8167,1.77724,1.76041,0.016821
23.8333,1.7533,1.75019,0.00310303
23.85,1.76237,1.73967,0.0227041
23.8667,1.69734,1.72885,-0.0315121
23.8833,1.74041,1.71775,0.0226648
23.9,1.73929,1.70637,0.0329204
23.9167,1.6568,1.69471,-0.0379174
23.9333,1.66131,1.6828,-0.021494
23.95,1.66885,1.67064,-0.00179178
23.9667,1.68442,1.65823,0.0261853
23.9833,1.67953,1.64559,0.0339417
